Category,Question,Answer
Amazon Prime Membership,What is Amazon Prime?,"Amazon Prime is a subscription service offering members various benefits, including free shipping, streaming services, exclusive deals, and more."
Amazon Prime Membership,How much does Amazon Prime cost?,"As of January 2025, Amazon Prime costs 139 annually or 14.99 monthly. Prices may vary by region and are subject to change."
Amazon Prime Membership,Is there a free trial for Amazon Prime?,"Yes, Amazon offers a 30-day free trial for new Prime members. During the trial, you can access all Prime benefits."
Amazon Prime Membership,How do I cancel my Amazon Prime membership?,"To cancel, go to 'Your Account,' select 'Prime Membership,' and choose 'End Membership.' Follow the prompts to confirm cancellation."
Amazon Prime Membership,Are there discounted Prime memberships?,"Yes, students and individuals receiving government assistance may qualify for discounted Prime memberships."
Amazon Prime Membership,What is the Amazon Prime Membership Fee?,The Prime Membership fee is subject to your region and membership plan. Visit the Amazon website for current rates.
Amazon Prime Membership,Can I switch my Amazon Prime Membership plan?,"Yes, you can switch plans from monthly to yearly or vice versa through the 'Manage Prime Membership' settings."
Amazon Prime Benefits,What is Amazon Household?,"Amazon Household allows you to share Amazon Prime benefits with your family. You can link up to two adults, four teens, and four children to create a Household and share Prime benefits such as free shipping and Prime Video."
Amazon Prime Benefits,Am I eligible for Prime Gaming?,"Prime Gaming is available for Amazon Prime members. It includes free in-game content, free monthly channel subscriptions on Twitch, and more."
Amazon Prime Benefits,What is the Amazon Prime Fuel Savings Offer?,Prime members can enjoy savings on fuel purchases at participating gas stations. Visit the Amazon website for specific terms and conditions.
Amazon Prime Benefits,How can I use 'Buy Now' with Amazon Prime?,The 'Buy Now' feature allows Prime members to instantly purchase eligible items with their saved payment method and delivery address.
Amazon Prime Benefits,What is Prime Reading?,"Prime Reading provides access to thousands of eBooks, magazines, comics, and more at no additional cost to Prime members."
Amazon Prime Benefits,What is included in Amazon Music?,Prime members have access to ad-free music streaming with Amazon Music Prime. Amazon Music Unlimited is available for an additional fee.
Amazon Prime Benefits,How do I subscribe to Prime through a partner?,You can subscribe to Amazon Prime via approved partners like mobile carriers or internet providers. Check with your provider for availability.
Amazon Prime Benefits,How do I share my Amazon Prime benefits?,"You can share your Amazon Prime benefits through Amazon Household. This includes sharing delivery benefits, Prime Video access, and more."
Amazon Prime Benefits,What is the 'Prime Try Before You Buy' program?,Prime members can try selected clothing and accessories at home before purchasing. You only pay for the items you keep.
Amazon Prime Benefits,Are there regional variations in Prime benefits?,"Yes, certain benefits like Prime Video content or shipping options may vary by region."
Amazon Prime Benefits,What is Amazon Photos?,"Amazon Photos offers secure, unlimited photo storage for Prime members. Videos are also stored with a limited capacity."
Amazon Prime Benefits,What is Grubhub+ with Amazon Prime?,"Prime members are eligible for a free Grubhub+ subscription, offering free delivery on orders from select restaurants."
Amazon Prime Benefits,What is the Amazon Prime Referral Program?,"Prime members can refer friends to sign up for Amazon Prime. Both the referrer and referee may receive rewards, subject to terms and conditions."
Amazon Prime Benefits,What is included in Prime Video?,"Prime Video includes streaming of movies, TV shows, and Amazon Originals. Some content may require additional rental or purchase fees."
Amazon Prime Benefits,What are Prime Membership Plans?,Amazon offers multiple plans including monthly and annual subscriptions. Some regions also offer discounted rates for students or government assistance recipients.
Shipping and Delivery,How do I track my package?,"'To track your package, go to 'Your Orders' and select 'Track Package' next to the relevant order. You can see the status and delivery updates.'"
Shipping and Delivery,What happens if I miss a delivery?,"'If a delivery attempt fails, Amazon will usually try again or provide instructions for retrieving your package from a secure location.'"
Shipping and Delivery,What are the shipping benefits of Amazon Prime?,"'Prime members receive free two-day, one-day, and same-day delivery on eligible items. Availability depends on the item and your location.'"
Shipping and Delivery,Can I sign up for shipment updates via text?,"'Yes, you can enable shipment updates via text in your account settings.'"
Returns and Refunds,How do I return an item?,"'To return an item, go to your orders page, select the item, and choose 'Return or Replace Items.' Follow the instructions provided.'"
Returns and Refunds,What is the refund process?,'Refunds are processed within three to five business days after the item is received by Amazon. The refund will be credited to your original payment method.'
Returns and Refunds,What items are eligible for free returns?,"'Items such as clothing, shoes, and some accessories are eligible for free returns. Look for 'Free Returns' on the product detail page.'"
Returns and Refunds,What happens if I return the wrong item?,"'If you return the wrong item, you may be charged for the original item. Contact customer service for further assistance.'"
Account Management,How do I reset my password?,"'If you've forgotten your password, go to the 'Reset Your Password' page, enter your email address, and follow the instructions sent to your email.'"
Account Management,How do I update my account information?,"'To update your account information, go to 'Your Account,' select 'Login & Security,' and make the desired changes.'"
Account Management,What is Two-Step Verification?,'Two-Step Verification adds an extra layer of security to your account. You can enable it in 'Login & Security' settings and follow the setup process.'
